{
  "parameters": [
    "Fiber_Angle",
    "No_of_Plies",
    "E1_E2",
    "Rx",
    "Ry",
    "a_h",
    "Skew_Angle",
    "Poisson_Ratio",
    "Shear_Modulus",
    "Foundation_Type"
  ],
  "bounds": [
    [
      0,
      90
    ],
    [
      3,
      9
    ],
    [
      10,
      40
    ],
    [
      0,
      1000
    ],
    [
      0,
      1000
    ],
    [
      5,
      100
    ],
    [
      0,
      60
    ],
    [
      0.2,
      0.4
    ],
    [
      0.3,
      0.7
    ],
    [
      0,
      3
    ]
  ],
  "first_order": {
    "S1": [
      0.03536139768133316,
      0.008323072021117569,
      0.01798752987659062,
      0.027367327759991733,
      0.12229489861343043,
      0.0,
      0.005915009061662876,
      0.0,
      -2.0829438050198836e-06,
      0.7185169017689664
    ],
    "S1_conf": [
      0.0183397831448924,
      0.008022027526597815,
      0.013052211651823822,
      0.014622962841018694,
      0.03423662343482187,
      0.0,
      0.014343235268960341,
      0.0,
      9.943600165219954e-06,
      0.13176030823475954
    ]
  },
  "total_order": {
    "ST": [
      0.04750169813504216,
      0.010927048718804133,
      0.020117508713162303,
      0.028517853784609762,
      0.12454780601893733,
      0.0,
      0.017480597070112312,
      0.0,
      1.7784530172230176e-08,
      0.7544795826079097
    ],
    "ST_conf": [
      0.007099833808529635,
      0.0029901251003445688,
      0.0026072831498549485,
      0.003182967607177928,
      0.01917220146222041,
      0.0,
      0.008694884970169082,
      0.0,
      2.85595337187027e-09,
      0.078830735158067
    ]
  },
  "second_order": {
    "S2": [
      [
        NaN,
        -0.013861731370078281,
        -0.015692989896159477,
        -0.016043775938546764,
        -0.01824049788572986,
        -0.015389839902169716,
        -0.012276305793935419,
        -0.015389839902169716,
        -0.015388373270564065,
        -0.003580610297211906
      ],
      [
        NaN,
        NaN,
        -0.005572861350141322,
        -0.004884535395723373,
        -0.0034724329904293194,
        -0.00536127646106129,
        -0.005083815064007375,
        -0.00536127646106129,
        -0.005360801077214265,
        0.001437728210831879
      ],
      [
        NaN,
        NaN,
        NaN,
        0.00024326275018329152,
        0.0020985517313561325,
        0.0011094925215548133,
        0.0020556048681703637,
        0.0011094925215548133,
        0.0011091446769783955,
        0.005010965629977604
      ],
      [
        NaN,
        NaN,
        NaN,
        NaN,
        0.0017340451961525838,
        0.0012464174479442265,
        -0.00044285752562031686,
        0.0012464174479442265,
        0.0012470048829896175,
        -0.00015651455647924806
      ],
      [
        NaN,
        NaN,
        NaN,
        NaN,
        NaN,
        -0.004493819140607508,
        -0.005144333795064093,
        -0.004493819140607508,
        -0.004493404169491331,
        -0.004117911117041628
      ],
      [
        NaN,
        NaN,
        NaN,
        NaN,
        NaN,
        NaN,
        8.673617379884035e-19,
        0.0,
        3.6930636500287495e-19,
        0.0
      ],
      [
        NaN,
        NaN,
        NaN,
        NaN,
        NaN,
        NaN,
        NaN,
        0.003188730286475416,
        0.003188555699800229,
        0.010383131203936635
      ],
      [
        NaN,
        NaN,
        NaN,
        NaN,
        NaN,
        NaN,
        NaN,
        NaN,
        3.6930636500287495e-19,
        0.0
      ],
      [
        NaN,
        NaN,
        NaN,
        NaN,
        NaN,
        NaN,
        NaN,
        NaN,
        NaN,
        3.0936656790769845e-06
      ],
      [
        NaN,
        NaN,
        NaN,
        NaN,
        NaN,
        NaN,
        NaN,
        NaN,
        NaN,
        NaN
      ]
    ],
    "S2_conf": [
      [
        NaN,
        0.02854024647920462,
        0.029234828134000586,
        0.02923822360999688,
        0.027773878937035035,
        0.028643622532772924,
        0.02785599024759591,
        0.028643622532772924,
        0.02864309127573152,
        0.03167508779264102
      ],
      [
        NaN,
        NaN,
        0.014793680057524568,
        0.014896730844973406,
        0.01543387209421759,
        0.014534509614705093,
        0.014563795109985367,
        0.014534509614705093,
        0.01453450206679997,
        0.014853276707641768
      ],
      [
        NaN,
        NaN,
        NaN,
        0.022382501869402816,
        0.02173517044800577,
        0.021803224198550214,
        0.02151869697093228,
        0.021803224198550214,
        0.021803210038526255,
        0.031699304705630545
      ],
      [
        NaN,
        NaN,
        NaN,
        NaN,
        0.0241455398474122,
        0.02306594756182936,
        0.02335714618168882,
        0.02306594756182936,
        0.023066187212474585,
        0.04190636139772735
      ],
      [
        NaN,
        NaN,
        NaN,
        NaN,
        NaN,
        0.04511563513599886,
        0.045003945618747,
        0.04511563513599886,
        0.045115876801335296,
        0.06608020898732804
      ],
      [
        NaN,
        NaN,
        NaN,
        NaN,
        NaN,
        NaN,
        3.045719389597802e-18,
        0.0,
        3.930092932046337e-18,
        1.153919038946146e-16
      ],
      [
        NaN,
        NaN,
        NaN,
        NaN,
        NaN,
        NaN,
        NaN,
        0.024808538620734715,
        0.02480726863891122,
        0.010500284869505803
      ],
      [
        NaN,
        NaN,
        NaN,
        NaN,
        NaN,
        NaN,
        NaN,
        NaN,
        3.930092932046337e-18,
        1.153919038946146e-16
      ],
      [
        NaN,
        NaN,
        NaN,
        NaN,
        NaN,
        NaN,
        NaN,
        NaN,
        NaN,
        1.428620799142911e-05
      ],
      [
        NaN,
        NaN,
        NaN,
        NaN,
        NaN,
        NaN,
        NaN,
        NaN,
        NaN,
        NaN
      ]
    ]
  }
}